order,requested_title,selected_title,recipe_id,recipe_version,review_type,reviewer_code,reviewed_at,score,result,notes,evidence_path,db_recipe_id,source_record_id
1,간장계란밥,간장계란밥,beginner-recipe-001,phase5-sha256-dd141b3aea37971fd87f5543,beginner,,,,pending,,,,
1,간장계란밥,간장계란밥,beginner-recipe-001,phase5-sha256-dd141b3aea37971fd87f5543,food_safety,,,,pending,,,,
1,간장계란밥,간장계란밥,beginner-recipe-001,phase5-sha256-dd141b3aea37971fd87f5543,legal_source,,,,pending,,,,
1,간장계란밥,간장계란밥,beginner-recipe-001,phase5-sha256-dd141b3aea37971fd87f5543,image_rights,,,,pending,,,,
2,계란볶음밥,계란볶음밥,phase5-egg-fried-rice,phase5-sha256-f7fe72bf845504580f0d75d9,beginner,,,,pending,,,,
2,계란볶음밥,계란볶음밥,phase5-egg-fried-rice,phase5-sha256-f7fe72bf845504580f0d75d9,food_safety,,,,pending,,,,
2,계란볶음밥,계란볶음밥,phase5-egg-fried-rice,phase5-sha256-f7fe72bf845504580f0d75d9,legal_source,,,,pending,,,,
2,계란볶음밥,계란볶음밥,phase5-egg-fried-rice,phase5-sha256-f7fe72bf845504580f0d75d9,image_rights,,,,pending,,,,
3,참치김치볶음밥,참치김치볶음밥,beginner-recipe-014,phase5-sha256-50cee2d05424d0c52c681b89,beginner,,,,pending,,,,
3,참치김치볶음밥,참치김치볶음밥,beginner-recipe-014,phase5-sha256-50cee2d05424d0c52c681b89,food_safety,,,,pending,,,,
3,참치김치볶음밥,참치김치볶음밥,beginner-recipe-014,phase5-sha256-50cee2d05424d0c52c681b89,legal_source,,,,pending,,,,
3,참치김치볶음밥,참치김치볶음밥,beginner-recipe-014,phase5-sha256-50cee2d05424d0c52c681b89,image_rights,,,,pending,,,,
4,김치볶음밥,김치볶음밥,beginner-recipe-013,phase5-sha256-4634e1198ea1fb6bf1bff91e,beginner,,,,pending,,,,
4,김치볶음밥,김치볶음밥,beginner-recipe-013,phase5-sha256-4634e1198ea1fb6bf1bff91e,food_safety,,,,pending,,,,
4,김치볶음밥,김치볶음밥,beginner-recipe-013,phase5-sha256-4634e1198ea1fb6bf1bff91e,legal_source,,,,pending,,,,
4,김치볶음밥,김치볶음밥,beginner-recipe-013,phase5-sha256-4634e1198ea1fb6bf1bff91e,image_rights,,,,pending,,,,
5,계란말이,프라이팬 계란말이,beginner-recipe-003,phase5-sha256-de9601e4ac96f0e217d95b53,beginner,,,,pending,,,,
5,계란말이,프라이팬 계란말이,beginner-recipe-003,phase5-sha256-de9601e4ac96f0e217d95b53,food_safety,,,,pending,,,,
5,계란말이,프라이팬 계란말이,beginner-recipe-003,phase5-sha256-de9601e4ac96f0e217d95b53,legal_source,,,,pending,,,,
5,계란말이,프라이팬 계란말이,beginner-recipe-003,phase5-sha256-de9601e4ac96f0e217d95b53,image_rights,,,,pending,,,,
6,계란찜,전자레인지 계란찜,beginner-recipe-002,phase5-sha256-fd88017f7c624e2b7856446b,beginner,,,,pending,,,,
6,계란찜,전자레인지 계란찜,beginner-recipe-002,phase5-sha256-fd88017f7c624e2b7856446b,food_safety,,,,pending,,,,
6,계란찜,전자레인지 계란찜,beginner-recipe-002,phase5-sha256-fd88017f7c624e2b7856446b,legal_source,,,,pending,,,,
6,계란찜,전자레인지 계란찜,beginner-recipe-002,phase5-sha256-fd88017f7c624e2b7856446b,image_rights,,,,pending,,,,
7,두부조림,두부조림,beginner-recipe-028,phase5-sha256-6ca8f5c0c8656199c40a145a,beginner,,,,pending,,,,
7,두부조림,두부조림,beginner-recipe-028,phase5-sha256-6ca8f5c0c8656199c40a145a,food_safety,,,,pending,,,,
7,두부조림,두부조림,beginner-recipe-028,phase5-sha256-6ca8f5c0c8656199c40a145a,legal_source,,,,pending,,,,
7,두부조림,두부조림,beginner-recipe-028,phase5-sha256-6ca8f5c0c8656199c40a145a,image_rights,,,,pending,,,,
8,감자조림,감자조림,curated-gamja-jorim,phase5-sha256-cba82e341961c3955a6079d6,beginner,,,,pending,,,,
8,감자조림,감자조림,curated-gamja-jorim,phase5-sha256-cba82e341961c3955a6079d6,food_safety,,,,pending,,,,
8,감자조림,감자조림,curated-gamja-jorim,phase5-sha256-cba82e341961c3955a6079d6,legal_source,,,,pending,,,,
8,감자조림,감자조림,curated-gamja-jorim,phase5-sha256-cba82e341961c3955a6079d6,image_rights,,,,pending,,,,
9,어묵볶음,어묵볶음,beginner-recipe-051,phase5-sha256-8b0f252047294d38796d7056,beginner,,,,pending,,,,
9,어묵볶음,어묵볶음,beginner-recipe-051,phase5-sha256-8b0f252047294d38796d7056,food_safety,,,,pending,,,,
9,어묵볶음,어묵볶음,beginner-recipe-051,phase5-sha256-8b0f252047294d38796d7056,legal_source,,,,pending,,,,
9,어묵볶음,어묵볶음,beginner-recipe-051,phase5-sha256-8b0f252047294d38796d7056,image_rights,,,,pending,,,,
10,콩나물무침,콩나물무침,beginner-recipe-032,phase5-sha256-886e216559a192631daaeef2,beginner,,,,pending,,,,
10,콩나물무침,콩나물무침,beginner-recipe-032,phase5-sha256-886e216559a192631daaeef2,food_safety,,,,pending,,,,
10,콩나물무침,콩나물무침,beginner-recipe-032,phase5-sha256-886e216559a192631daaeef2,legal_source,,,,pending,,,,
10,콩나물무침,콩나물무침,beginner-recipe-032,phase5-sha256-886e216559a192631daaeef2,image_rights,,,,pending,,,,
11,된장찌개,된장찌개,beginner-recipe-067,phase5-sha256-6f1207be131d01a2912bd62d,beginner,,,,pending,,,,
11,된장찌개,된장찌개,beginner-recipe-067,phase5-sha256-6f1207be131d01a2912bd62d,food_safety,,,,pending,,,,
11,된장찌개,된장찌개,beginner-recipe-067,phase5-sha256-6f1207be131d01a2912bd62d,legal_source,,,,pending,,,,
11,된장찌개,된장찌개,beginner-recipe-067,phase5-sha256-6f1207be131d01a2912bd62d,image_rights,,,,pending,,,,
12,돼지고기 김치찌개,돼지고기 김치찌개,curated-pork-kimchi-jjigae,phase5-sha256-8871bb2d1437f74c32a57bfa,beginner,,,,pending,,,,
12,돼지고기 김치찌개,돼지고기 김치찌개,curated-pork-kimchi-jjigae,phase5-sha256-8871bb2d1437f74c32a57bfa,food_safety,,,,pending,,,,
12,돼지고기 김치찌개,돼지고기 김치찌개,curated-pork-kimchi-jjigae,phase5-sha256-8871bb2d1437f74c32a57bfa,legal_source,,,,pending,,,,
12,돼지고기 김치찌개,돼지고기 김치찌개,curated-pork-kimchi-jjigae,phase5-sha256-8871bb2d1437f74c32a57bfa,image_rights,,,,pending,,,,
13,미역국,미역국,beginner-recipe-064,phase5-sha256-d007cf5ede24cc05fce1529a,beginner,,,,pending,,,,
13,미역국,미역국,beginner-recipe-064,phase5-sha256-d007cf5ede24cc05fce1529a,food_safety,,,,pending,,,,
13,미역국,미역국,beginner-recipe-064,phase5-sha256-d007cf5ede24cc05fce1529a,legal_source,,,,pending,,,,
13,미역국,미역국,beginner-recipe-064,phase5-sha256-d007cf5ede24cc05fce1529a,image_rights,,,,pending,,,,
14,북엇국,북엇국,beginner-recipe-065,phase5-sha256-ac52ac5cb538d80d8fba0136,beginner,,,,pending,,,,
14,북엇국,북엇국,beginner-recipe-065,phase5-sha256-ac52ac5cb538d80d8fba0136,food_safety,,,,pending,,,,
14,북엇국,북엇국,beginner-recipe-065,phase5-sha256-ac52ac5cb538d80d8fba0136,legal_source,,,,pending,,,,
14,북엇국,북엇국,beginner-recipe-065,phase5-sha256-ac52ac5cb538d80d8fba0136,image_rights,,,,pending,,,,
15,제육볶음,제육볶음,curated-jeyuk-bokkeum,phase5-sha256-4f5fc1865f74ddec1a08e644,beginner,,,,pending,,,,
15,제육볶음,제육볶음,curated-jeyuk-bokkeum,phase5-sha256-4f5fc1865f74ddec1a08e644,food_safety,,,,pending,,,,
15,제육볶음,제육볶음,curated-jeyuk-bokkeum,phase5-sha256-4f5fc1865f74ddec1a08e644,legal_source,,,,pending,,,,
15,제육볶음,제육볶음,curated-jeyuk-bokkeum,phase5-sha256-4f5fc1865f74ddec1a08e644,image_rights,,,,pending,,,,
16,간장불고기,간장불고기,phase5-soy-beef-bulgogi,phase5-sha256-5a51ed406fd4defebafb2018,beginner,,,,pending,,,,
16,간장불고기,간장불고기,phase5-soy-beef-bulgogi,phase5-sha256-5a51ed406fd4defebafb2018,food_safety,,,,pending,,,,
16,간장불고기,간장불고기,phase5-soy-beef-bulgogi,phase5-sha256-5a51ed406fd4defebafb2018,legal_source,,,,pending,,,,
16,간장불고기,간장불고기,phase5-soy-beef-bulgogi,phase5-sha256-5a51ed406fd4defebafb2018,image_rights,,,,pending,,,,
17,잔치국수,잔치국수,beginner-recipe-081,phase5-sha256-f57edf8fd0e6ebdb1e954280,beginner,,,,pending,,,,
17,잔치국수,잔치국수,beginner-recipe-081,phase5-sha256-f57edf8fd0e6ebdb1e954280,food_safety,,,,pending,,,,
17,잔치국수,잔치국수,beginner-recipe-081,phase5-sha256-f57edf8fd0e6ebdb1e954280,legal_source,,,,pending,,,,
17,잔치국수,잔치국수,beginner-recipe-081,phase5-sha256-f57edf8fd0e6ebdb1e954280,image_rights,,,,pending,,,,
18,떡볶이,떡볶이,phase5-tteokbokki,phase5-sha256-1b0f27fca9ee4bf28737dc15,beginner,,,,pending,,,,
18,떡볶이,떡볶이,phase5-tteokbokki,phase5-sha256-1b0f27fca9ee4bf28737dc15,food_safety,,,,pending,,,,
18,떡볶이,떡볶이,phase5-tteokbokki,phase5-sha256-1b0f27fca9ee4bf28737dc15,legal_source,,,,pending,,,,
18,떡볶이,떡볶이,phase5-tteokbokki,phase5-sha256-1b0f27fca9ee4bf28737dc15,image_rights,,,,pending,,,,
19,토마토달걀볶음,토마토달걀볶음,beginner-recipe-006,phase5-sha256-b0647712d0aa38bfe7b28198,beginner,,,,pending,,,,
19,토마토달걀볶음,토마토달걀볶음,beginner-recipe-006,phase5-sha256-b0647712d0aa38bfe7b28198,food_safety,,,,pending,,,,
19,토마토달걀볶음,토마토달걀볶음,beginner-recipe-006,phase5-sha256-b0647712d0aa38bfe7b28198,legal_source,,,,pending,,,,
19,토마토달걀볶음,토마토달걀볶음,beginner-recipe-006,phase5-sha256-b0647712d0aa38bfe7b28198,image_rights,,,,pending,,,,
20,닭가슴살 채소볶음,닭가슴살 채소볶음,phase5-chicken-breast-vegetable-stir-fry,phase5-sha256-1782009ac57683905cc79119,beginner,,,,pending,,,,
20,닭가슴살 채소볶음,닭가슴살 채소볶음,phase5-chicken-breast-vegetable-stir-fry,phase5-sha256-1782009ac57683905cc79119,food_safety,,,,pending,,,,
20,닭가슴살 채소볶음,닭가슴살 채소볶음,phase5-chicken-breast-vegetable-stir-fry,phase5-sha256-1782009ac57683905cc79119,legal_source,,,,pending,,,,
20,닭가슴살 채소볶음,닭가슴살 채소볶음,phase5-chicken-breast-vegetable-stir-fry,phase5-sha256-1782009ac57683905cc79119,image_rights,,,,pending,,,,
